cell_type,size,NES,ES,pval,padj,leading_edge,log2err,contrast,cluster
Macrophages,247,1.82127015082529,0.300177316422759,6.61171558091013e-08,1.19010880456382e-06,"KRT6C,LCP1,LILRA5,FBP1,IL18R1,HGF,CST7,FCAR,PRTN3,CCL17,FCN1,MMP8,ITGAL,CSF1R,ITGB2,OSM,LY96,CD163,CD72,SIGLEC10,MRC1,CCL7,DPEP2,LILRA2,FABP4,PDGFB,CSF3R,VNN2,CSF2RB,CLEC5A,VMO1,FCGR2A,CCL4,MMP9,VSTM1,CXCL5,ADGRE1,LILRB1,EREG,IL1RL2,ITGAX,SPRR3,TNFSF14,CCL3,LILRB5,IGLC2,ICAM4,IL1RN,CD300E,ADGRE2,MARCO,OLR1,ITGAM,IGSF21,IL1R2,GIMAP7,GPNMB,MMP12,LILRA6,HPGDS,SIGLEC8,PPBP,CLEC4A,CD5L,CCL22,SLAMF8,FCGR3B,MSR1,ITGA5,PTPRC,COLEC12,IL1B,CD209",0.704975715167238,C1_vs_None,C1
Plasma cells,118,1.79781444210076,0.335118454956504,2.94413620934261e-05,0.000264972258840835,"FGA,A1BG,CD3G,BTN1A1,FUT8,IFNLR1,CTHRC1,GAST,ITGAL,ITIH3,ST6GAL1,LY96,C9,LY9,SMPDL3B,PLG,CDC25A,CD70,SLAMF1,CSF2RB,TK1,CCL4,BLNK,IL5RA,CR2,LILRB1,ORM1,FCRL5,TNFRSF17,CCL3,IGLC2,ICAM4",0.575610261071129,C1_vs_None,C1
monocytes,193,1.48189110448592,0.250679096245344,0.00106545352857048,0.0063927211714229,"LCP1,LILRA5,HGF,CST7,FCAR,FCN1,KLRD1,ITGAL,CSF1R,ITGB2,OSM,CCL5,LY96,CD163,CD72,SIGLEC10,DPEP2,LILRA2,CSF3R,SLAMF1,VNN2,CSF2RB,VMO1,FCGR2A,CCL4,VSTM1,ADGRE1,LILRB1,EREG,EPGN,IL1RL2,ITGAX,CCL3,ICAM4,IL1RN,CD300E,ADGRE2,MARCO,VNN1,OLR1,ITGAM,IL1R2,LILRA6,CLEC4A,FCGR3B,GZMA,IL6,MSR1,PTPRC,IL1B",0.45505986738723,C1_vs_None,C1
Astrocytes,195,1.41514815891246,0.240038260899474,0.00221281077025602,0.00995764846615207,"NTRK2,PAMR1,STX1B,LRIG1,HGF,FUT8,PLIN1,SERPINI2,KLKB1,CACNB1,PON1,SPON1,WFIKKN1,NRCAM,LRP2BP,THBS4,COL28A1,ENPP6,SORBS1,ROBO1,CRYBB2,PNMA2,GASK1A,ADAMTSL2,IGDCC4,ITIH4,AMOT,CNTN1,MDGA1,ANGPT1,LEPR,LCAT,ERC2,GFRA1,GAS2,SERPINE2,PDGFRB,CADPS,PTPRM,ADCYAP1R1,PXDNL,ZHX2,IL17D,BMPER,LAMA1,TMEM132A,CDH2",0.431707695803346,C1_vs_None,C1
Fibroblasts,79,1.58927518163389,0.316959823273332,0.00335773710204636,0.0100732113061391,"CCL21,ITGBL1,PAMR1,SERPIND1,C1QTNF5,ENPP6,DCDC2C,FABP4,CPXM1,ANGPT1,LEFTY2,GFRA1,MFAP4,FAP,C7,CILP,SCARA5,ADH1B,CD177,LAMA1,C1S,SERPINA3,ENTPD2",0.431707695803346,C1_vs_None,C1
Pericytes,91,1.58900885444132,0.304573838525406,0.00301597657694557,0.0100732113061391,"PAMR1,UPB1,SERPIND1,PLIN1,KLKB1,DKKL1,GHR,DCDC2C,ADGRF5,FABP4,C1QTNF1,CXCL5,CR2,ABO,ADGRD1,ASAH2,C7,ADGRG2,ADAMTS16,PXDNL,ADH1B,PRELP,TSPAN8,TIMP4,ECM1,NID2,F10,CLEC4M,SFRP4,HBZ,SSC5D,CSPG4,DKK1,ANPEP",0.431707695803346,C1_vs_None,C1
Oligodendrocyte precursor cells,223,1.2506153025839,0.207522370858972,0.0381247818619796,0.0980351533593762,"PZP,NTRK2,STX1B,FUT8,EXTL1,SPON1,MEGF11,NRCAM,LRP2BP,THBS2,THBS4,CPB2,SMOC1,ST6GAL1,COL28A1,GHR,ANGPTL2,ENPP6,SORBS1,ROBO1,PNMA2,GASK1A,IGDCC4,CNTN1,COL4A4,ELAVL4,ERC2,GFRA1,FGF12,CLSTN2,SERPINE2,ADGRG2,CRTAC1,SLITRK1,CADPS,PTPRM,PDZD2,ADCYAP1R1,PXDNL,GRIN2B,ZHX2,CIT,IGSF21,CLEC2L,TYRO3,IL17D,BMPER,CDH2",0.321775918075361,C1_vs_None,C1
Astrocytes,195,1.25627165270986,0.200357930043276,0.047113391331335,0.464558342420938,"GRIK2,PXDNL,GAS2,PNMA2,NCAM2,DIPK1C,LEPR,MFAP3L,RNF31,CD109,LRRC37A2,TNC,DNER,PON1,EPHA4,SNED1,PRKCQ,TLR4,DPP6,NCAM1,PDGFRB,KCNIP4,IL33,BOC,PDE4D,IGDCC4,SCG3,LRRN1,CNTN1,CHL1,COL28A1,IKZF2,MAPT,ZNF75D,CDH4,CHRM1,TNR,ADAMTS13",0.321775918075361,C2_vs_None,C2
Fibroblasts,79,-1.21810222218054,-0.317633838119816,0.154852780806979,0.464558342420938,"FABP4,CILP,CXCL6,RBP5,SERPIND1,FNDC1,SERPINA3,GFRA1,VIT,TNFRSF11B,ADH1B,C1S,KRT18,PAMR1,KLK10,OGN,CXCL10,C1QTNF5,SELE,CES1",0.112378519110475,C2_vs_None,C2
Oligodendrocytes,168,1.19471454821754,0.199119571746573,0.129623132344277,0.464558342420938,"GRIK2,PXDNL,GAS2,ADAMTS16,NCAM2,DIPK1C,PDE1C,MFAP3L,RNF31,LRRC37A2,ITGA2,MAG,DNER,DIPK2B,CPOX,PRKCQ,ADGRG2,CNTNAP2,DPP6,NCAM1,KCNIP4,SEMA4D,PI16,CA14,PDE4D,RASGRF1,ANGPTL2,IKZF2,MAPT,ZNF75D,CDH4",0.249246554383295,C2_vs_None,C2
Pericytes,91,1.19207557040276,0.220683056294432,0.11374343079165,0.464558342420938,"PXDNL,ADAMTS16,ABO,IL13,DKKL1,CD248,CR2,COL24A1,FZD10,ADGRG2,HBZ,C1QTNF1,TSPAN8,CLEC4M",0.287805130535564,C2_vs_None,C2
T-cells,156,1.12316357730769,0.201184549223615,0.131104394064297,0.464558342420938,"CCL3,CCL4,IL17F,CA6,IL13,KIR3DL2,IL10,SELL,IL2RB,KLRC1,IL17A,PRKCQ,LAIR2,IL2RG,ITGB7,IL2,FCRL3,SEMA4D,FASLG,IFNG,CD3E,ITGAL,IL4,KIR3DL1",0.249246554383295,C2_vs_None,C2
Excitatory neurons,251,1.08482653383169,0.178181628915633,0.237236298508299,0.533781671643673,"NTRK2,PAMR1,STX1B,FUT8,EXTL1,APLP1,SERPINI2,KLKB1,CACNB1,CHGA,NRCAM,LRP2BP,SEPTIN3,COL28A1,GHR,SORBS1,BDNF,RBFOX3,ROBO1,CRYBB2,PNMA2,GASK1A,ADAMTSL2,ITIH4,CNTN1,ELAVL4,ERC2,PDIA2,FGF12,GAS2,CLSTN2,IL1RL2,MAMDC2,FAP,ADAMTS16,CRTAC1,SLITRK1,CADPS,PDZD2,ADCYAP1R1,PXDNL,LYPD8,GRIN2B,HAVCR1,CIT,IGSF21,CLEC2L,TYRO3,IL17D,BMPER",0.249246554383295,C1_vs_None,C1
Oligodendrocytes,168,1.08943359228062,0.188021778454643,0.281363092835287,0.562726185670574,"PZP,A1BG,LRIG1,FUT8,APLP1,LRP2BP,MYH7B,ENPP2,THBS2,THBS4,CPB2,SMOC1,ANGPTL2,ENPP6,ROBO1,GASK1A,ADAMTSL2,ERC2,PDIA2,GAS2,CLSTN2,ADGRG2,ADAMTS16,SLITRK1,PDZD2,PXDNL,TF,ZHX2,HAVCR1,CD226,TYRO3,IL17D",0.203508959461977,C1_vs_None,C1
Smooth muscle,138,1.02631488903596,0.184688421669838,0.380434782608696,0.684782608695652,"ITGBL1,RET,LIF,ITIH3,COL28A1,GHR,OSMR,BDNF,DCDC2C,SOST,FABP4,ITIH4,ANGPT1,LEFTY2,C1QTNF1,GFRA1,ABO,MFAP4,FAP,ADAMTS16,CRTAC1,PRELP,TSPAN8,FAM20A,TIMP4,CD177,IL6,F10,MYOC,AMIGO2,WFDC1,HBZ,CORO6,TNFRSF11B",0.241339976815091,C1_vs_None,C1
B-cells,122,-1.0312614722479,-0.254000886371412,0.417708333333333,0.749826026443981,"HHEX,EVI2B,SERPINA9,FMNL1,FCRL5,FCGR2B,SIGLEC10,SLAMF6,PIK3AP1,SLAMF1,CD27,APBB1IP,CD79B,FLI1,PLSCR3,RNASE6,TNFRSF13B,LAT2,CD80,FCER2,TNF,CD72,CCL22,CEACAM21,TIGIT,LTB,MZB1,IRAG2,CLEC7A,ARHGAP25,MNDA,IL5RA,CCL17,TNFSF8,SLAMF8,IFI30,PDCD1,FCER1A,LTA,FCRL1,IGLC2",0.055826471778749,C2_vs_None,C2
Oligodendrocyte precursor cells,223,1.02953191695751,0.1629808110974,0.359775173089615,0.749826026443981,"GRIK2,PXDNL,PNMA2,NCAM2,DIPK1C,PDE1C,FGF12,MFAP3L,RNF31,LRRC37A2,COL24A1,DNER,PDGFRA,PRKCQ,ADGRG2,CNTNAP2,DPP6,NCAM1,IGFL4,PRTG,KCNIP4,GRIN2B,PDE4D,IGDCC4,SCG3,LRRN1,CNTN1,ANGPTL2,CHL1,COL28A1,IKZF2,MAPT,CDH4,CHRM1,TNR,PCDH7,VCAN,CHAD,FUT8,OMG,C1QL2,ADAM23,ERC2,KIAA1549L,LYPD1",0.203508959461977,C2_vs_None,C2
granulocytes,121,-1.01764978262724,-0.251076787496873,0.449895615866388,0.749826026443981,"CD300C,CSF1,EVI2B,CD274,FMNL1,CSF2,CD300LF,KLK12,CST7,SIGLEC10,SLAMF1,LAIR1,PLAT,SIGLEC8,MELTF,RASSF2,CALB2,TPSD1,GBP6,LRRC25,SFTPD,LAT2,FCGR2A,TNF,SIGLEC7,TNFRSF4,PROCR,TPSAB1,IRAG2,HAVCR2,ST8SIA1,ARHGAP25,IL5RA,CCL23",0.0524827622635459,C2_vs_None,C2
monocytes,193,-1.05046961393971,-0.249152285204935,0.379310344827586,0.749826026443981,"PILRA,CD244,CD300C,AIF1,ADAMTSL4,IL1RN,FCGR3B,EVI2B,MSR1,FMNL1,KYNU,CD300LF,CXCL11,CD4,CCL20,CDA,CST7,SIGLEC10,PIK3AP1,SLAMF1,LAIR1,APBB1IP,CD79B,FLI1,TLR2,RELT,CXCL16,RASSF2,VNN1,CXCL10,XCL1,LRRC25,ADA,SFTPD,FCGR2A,CD80,CD101,FCER2,TNF,CD72,HS3ST3B1,SIGLEC7,LTB,IL6,PLA2G7,IRAG2,HAVCR2,CLEC7A,OSCAR,ADA2,MNDA,LILRA5,CD300E,RETN,CCL23,TNFSF8",0.0590954798717342,C2_vs_None,C2
dendritic cells,128,0.998729169235764,0.181909950089501,0.485148514851485,0.793879387938794,"CD3G,LCP1,LILRA5,IL18R1,IFNLR1,RET,SERPINF2,ITGAL,ITGB2,CD72,LY9,PDGFB,CSF2RB,BLNK,LILRB1,FCRL5,TNFRSF17,ADGRE2,ZHX2,SEMA7A,PPBP,CLEC4A,GZMA,PROC,PF4,PTPRC",0.20207170902116,C1_vs_None,C1
NK-cells,145,0.963785016082307,0.174147180135322,0.571428571428571,0.857142857142857,"CD3G,LCP1,IL18R1,CST7,KLRD1,ITGAL,ITGB2,CCL5,TNFSF11,CD72,LY9,DPEP2,IFNG,VNN2,CCL4,LILRB1,ITGAX,TNFSF14,LAG3,CCL3,KIR3DL2,ITGAM,CD226,B3GNT7,GIMAP7,KLRC1,PPBP,KIR3DL1,FCGR3B,GZMA,PF4,PTPRC,KLRB1",0.204294756516886,C1_vs_None,C1
granulocytes,121,0.943923422706069,0.175503964142788,0.631067961165049,0.87378640776699,"KRT6C,LCP1,IL18R1,RET,CST7,LIF,OSM,SIGLEC10,SLAMF1,CSF2RB,FCGR2A,CCL4,IL5RA,ITGAX,SPRR3,KCNH2,CADPS,ICAM4,ADGRE2,ITGAM,CD226,HPGDS,SIGLEC8",0.173747838999571,C1_vs_None,C1
Macrophages,247,-0.965478727997846,-0.226295906284631,0.587109768378651,0.880664652567976,"CCL18,HHEX,PILRA,FABP4,CD244,CD300C,AIF1,MPO,ADAMTSL4,IL1RN,FCGR3B,EVI2B,MSR1,FMNL1,KYNU,CCL24,FCGR2B,CD300LF,CXCL11,CD4,CST7,SIGLEC10,SIGLEC15,ASGR1,NPL,PIK3AP1,SIGLEC1,CCL13,LAIR1,APBB1IP,FLI1,TLR2,SIGLEC8,CCL7,RELT,TREM2,SCARF1,CXCL16,RASSF2,CXCL10,RNASE6,VASH1,ACP5,LRRC25,COLEC12,LAT2,FCGR2A,CD80,CD101,FCER2,TNF,CD72,SIGLEC7,OTOA,CCL22,CEACAM21,TGFBI,PLA2G7,HAVCR2,CLEC7A,CD14,OSCAR,ADA2,ARHGAP25,MNDA,LILRA5,CD300E,RETN,CCL17,FOLR2,TNFSF8",0.03863723737086,C2_vs_None,C2
Microglial cells,197,-0.831041969143079,-0.19687961110567,0.849898580121704,0.910605621558968,"DTNB,ZHX2,PILRA,TGFB2,DLL4,HAVCR1,GABRA4,PKN3,MAD1L1,MSR1,DNM3,FNDC1,VIT,ROBO2,SIGLEC10,NPL,ST6GAL1,LRIG1,PIK3AP1,CACNA1C,APBB1IP,FLI1,TLR2,SIGLEC8,CA5A,CRELD1,PAMR1,GPIHBP1,SCARF1,CEP112,VASH1,CALY,CYTL1,COLEC12,GHR,HSD17B3,ARSB",0.0201218228563507,C2_vs_None,C2
Plasma cells,118,-0.899809907002381,-0.222740566865911,0.668410041841004,0.910605621558968,"RRM2,CDC25A,PTP4A3,FCGR3B,EVI2B,FMNL1,FCRL5,FCGR2B,SLAMF6,ST6GAL1,SLAMF1,CD27,CD79B,FLI1,PLSCR3,FCN2,MKI67,RNASE6,TNFRSF13B,CD3D,FCER2,TNFRSF4,CEACAM21,TIGIT,MZB1,CD38,IRAG2,CTHRC1,ADA2,ARHGAP25,IL5RA,TNFSF8,CCL11",0.0343431191135615,C2_vs_None,C2
Smooth muscle,138,-0.80833516410258,-0.197362697781254,0.845755693581781,0.910605621558968,"CCL27,KRT17,FABP4,GDF15,TFAP2A,CORO6,GABRA4,FNDC1,GFRA1,SIGLEC15,TNFRSF11B,CTF1,OSMR,CALCB,ART5,CALCA,FAM20A,DAND5,CES1,SFTPD,HTR1B,LMOD1,GHR,ESAM,GMPR,CDH15,MYL3,ANGPTL4,MYL4,TGFBI,IL6,PGR,LRTM1,TFPI2,FABP3,GLP1R,RBPMS2,MYLPF,HSPB6",0.0216519363667421,C2_vs_None,C2
dendritic cells,128,-0.830272475391697,-0.203995610802979,0.805815160955348,0.910605621558968,"HHEX,ZHX2,CD300C,EVI2B,FMNL1,FCRL5,CD4,PIK3AP1,PTGDS,LAIR1,APBB1IP,RELT,RASSF2,RNASE6,LRRC25,ADA,CD3D,FCER2,CD72,HS3ST3B1,CEACAM21,LTB,MZB1,TGFBI,CD2,ADA2,LILRA5,TNFSF8,CRYM,SMPD3,UPK3A,PDCD1,FCER1A,GHRL,LTA,LILRA4,BTLA,CSF2RB,LSP1,GNLY,THBD,PAG1,TNFRSF1B,CDH23,AMN",0.024567800621605,C2_vs_None,C2
B-cells,122,0.888736916279952,0.164144480502724,0.761904761904762,0.914285714285714,"A1BG,LCP1,CCL17,ITGB2,CD72,LY9,COCH,SOST,SIGLEC10,DPEP2,CD70,SLAMF1,BLNK,IL5RA,CR2,LILRB1,ORM1,FCRL5,TNFRSF17,IGLC2",0.155241966228839,C1_vs_None,C1
Microglial cells,197,-0.895694035949574,-0.197027642457736,0.718249733191035,0.914285714285714,"HSD11B1,HCG22,HSD17B3,ARHGEF10,CDH22,ROR1,RYR1,ISM1,PAG1,IRAG2,MATN3,CACNA1C,PODXL,FGF5,SCN2A,CNTN5,THSD1,PLCB2,PDE5A,DPP10,FNDC1,DNM3,SNAP25,PRKG1,GIPC3,LRRC37A2,PIK3AP1,CD33,FGF20,SNED1,NLGN1,FYB1",0.0318534652552707,C1_vs_None,C1
Endothelial,260,-0.735866242290172,-0.157678187734446,0.955578512396694,0.955578512396694,"APOF,SCT,BHMT2,EPPK1,NPR1,PROCR,ISM1,ITGB6,CEACAM1,LAYN,PLSCR3,PON3,IL32,ADAMTS8,ICA1,MATN3,GMPR,PODXL,CLIC5,FAM3B,EPHA2,SYTL4,MIA,ACE,S100A3,LGALS4,TPK1,CLEC14A,GIPC3,CHRM1,RLN1,SNED1,GGACT,TACSTD2,CGREF1,PGR,GBP4,IL4R",0.0130773356900516,C1_vs_None,C1
Inhibitory neurons,257,-0.816110029270082,-0.175197073600472,0.871369294605809,0.955578512396694,"SUSD4,DNM1,GLP1R,SCG2,CDH22,ROR1,TUBB3,DDX25,ISM1,CALB1,SUSD5,GPR158,MAP1LC3B2,CACNA1C,KIT,CSPG5,SCN2A,CNTN5,NPTX1,PDE5A,DPP10,PTPRN2,DNM3,SNAP25,OSTN,PRKG1,ADAM22,SEZ6,LRRC37A2,CHRM1,AMIGO1,MEPE,SNED1,NLGN1,SH3GL3,SV2A,CGREF1,THTPA,L1CAM,SCN2B,JAM2,ROBO2,KAZN,NPY,DSCAM,ADAM23,RASGRF1,MTSS2,DNAJC6,RAB11FIP3,LRFN2,ENO2,CLIP2,NEFL",0.019974159565129,C1_vs_None,C1
T-cells,156,-0.740486058725405,-0.166207903151229,0.921251348435814,0.955578512396694,"CD3D,SLA2,PLSCR3,CD2,EDAR,FGD3,IRAG2,WAS,IL18RAP,CD244,BIN2,PLCB2,PAEP,IL2RG,SH2D1A,LAIR2,GMFG,IL2RB,RAB33A,KIR2DL3,IL13,FYB1,IL10,CSF2,CRACR2A,GZMB",0.0189287891242153,C1_vs_None,C1
NK-cells,145,0.801550607621603,0.142629552497791,0.96551724137931,0.96551724137931,"CCL3,CCL4,KIR3DL2,SELL,IL2RB,KLRC1,ITGAM,PRKCQ,LAIR2,IL2RG,ITGB7,FCRL3,SEMA4D,FASLG,IFNG,CD3E,ITGAL,KIR3DL1,FCRLB,IKZF2,CD5,LY9",0.271288554688953,C2_vs_None,C2
Astrocytes,195,0.960742713519185,0.168416736213526,0.944307926838468,0.994720168954593,"LAMA1,TAGLN3,VSNL1,ERBB4,NTRK2,C1QL2,CSPG5,NRCAM,HEPH,CNTN5,ROBO1,ADGRV1,MN1,CDH2,PTH1R,CD109,WIF1,KLKB1,MAP1LC3B2,CRYBB2,LRRC37A2,GSTT2B,IL17RB,ITIH4,NCS1,ENTPD2,FGFR2,PTPRM,DPP10,ADGRB3,PTPRZ1,NLGN2,SERPINI2,LRRN1,MEGF10,PLIN1,LCAT,SCRG1,NTRK3,SERPINE2,CNTN1,LEPR,MASP1,MAPT,LRIG1,CNTN3,ARHGEF10,TNC,EFEMP1,ENPP6,CD38,IL17D,IL33,ERC2",0.143902565267782,C0_vs_None,C0
B-cells,122,0.927811324761146,0.173892391741555,0.63953488372093,0.994720168954593,"CD83,TCL1A,LCP1,TNFSF8,SERPINA9,LY75,ITGB7,COCH,CD80,IFI30,SLAMF8,RAB37,SIT1,PPBP,BLNK,RNASE6,ORM1,IL16,CD1C,LSP1,SLAMF7,GKN1,A1BG,TNFRSF17,CD5,FCRL1,FCER1A,IL18BP",0.190023305279108,C0_vs_None,C0
Endothelial,260,0.915550811634994,0.152293890331587,0.985383475674827,0.994720168954593,"RBKS,NPHS1,AHSP,SLC51B,S100A14,KIAA1549,CEACAM1,IL32,CXCL9,BGLAP,HMCN2,IL15,ICAM1,LY75,ODAM,S100A16,TNFRSF10A,DKKL1,TGM2,CD109,GAST,KYNU,BDNF,IL4R,ICAM4,GSTT2B,CXCL10,SELE,KRT18,HSD17B14,ECM1,GIPC2,ENTPD2,NOS1,LY96,PPBP,TG,FCRLB,CCL28,RBP5,DMP1,IL18R1,KDR,ALDH3A1,RIPK4,TNFRSF9,F12,OMD,VWF,XG,GIMAP8,SERPINA3,ICAM5",0.143902565267782,C0_vs_None,C0
Excitatory neurons,251,-1.03501736283621,-0.235819413402109,0.403472931562819,0.994720168954593,"LRTM2,LRTM1,BRSK2,KIAA1549L,ADAM23,CA7,ENO2,DDX25,RASGRF1,FAM171B,CLIP2,SCN2A,VIPR1,GP6,PAMR1,SCN2B,DTNB,ADAMTSL2,CHGA,PRTFDC1,MAP2,SNAP25,DIABLO,EPHA4,FGF9,SORBS1,DNM3,NRN1,CORO6,LRP11,EXTL1,IPCEF1,SNED1,WASF1,GFRA2,GASK1A,CAMKK1,PDZD2,VWC2L,GHR,GABRA4,SEZ6,SLITRK1,NEFL,TNR,GPR158,NRGN,SCN3B,EPHB6,CHRM1,COL28A1,AMIGO1,RBFOX3,ENPP5,VSTM2L,EHD3,IL7,JAM3,GRIK2,STX1B,PCDH7,BMPER,HS6ST2,DNAJC6,NCAN,THTPA,PRKG1,CNTNAP4,VGF,DLG4,EGF,PCDH9,PDE4D,TBR1,TUBB3,SPINK8,SERPINI1,THY1,SUSD5,PGLYRP1,NRXN3,PDE5A,KIAA0319,SUSD4,HAVCR1,CRELD1,RTN4R,KCNIP4,DCUN1D2",0.0565299525056311,C0_vs_None,C0
Fibroblasts,79,1.16365322164777,0.236796932431521,0.113866191387853,0.994720168954593,"GPHA2,LAMA1,MME,COL1A1,CNTN5,KLK7,CCL26,CXCL10,SELE,KRT18,ADH1B,ENTPD2,FABP4,THPO,CPXM1,GAL,RBP5,ITGBL1,ADAMTS15,HSD11B1,C1S,COL2A1,SERPINA3",0.287805130535564,C0_vs_None,C0
Inhibitory neurons,257,-0.902011225707476,-0.20502200895443,0.72986748216106,0.994720168954593,"LRTM2,BRSK2,KIAA1549L,ADAM23,ENO2,DDX25,RASGRF1,FAM171B,CLIP2,SCN2A,CRHBP,GP6,WASF3,SCN2B,DTNB,PRTFDC1,MAP2,SNAP25,DIABLO,EPHA4,FGF9,SORBS1,DNM3,CORO6,LRP11,EXTL1,AFAP1,SNED1,WASF1,OSTN,GASK1A,CAMKK1,PDZD2,VWC2L,GHR,GABRA4,SEZ6,SLITRK1,NEFL,TNR,CALB1,GPR158,SCN3B,ISM1,CHRM1,COL28A1,KIT,AMIGO1,RBFOX3,VSTM2L,GRIK2,STX1B,PCDH7,GAD1,BMPER,HS6ST2,DNAJC6,NCAN,PTH,THTPA,PRKG1,RET,CNTNAP4,VGF,EGF,PCDH9,PDE4D,TUBB3,SPINK8,SERPINI1,THY1,SUSD5,PGLYRP1,NGF,NRXN3,PDE5A,KIAA0319,SUSD4,NT5C1A,HAVCR1,CRELD1,KCNIP4,DCUN1D2,DNER,FGF12,MANEAL,IGSF21,CNTN4,GLP1R,JAM2,HGF,PLXNA4,ANK2,RNF31,CRTAC1,LRP2BP,COL24A1,CADPS,DNM1,PXDNL,FLT3,APLP1,SH3GL3,ROR1,SLIT2,PRSS53,PLCB1,ZNF75D,HDAC9,IGFL4,MEPE,CEP170",0.0287861460642093,C0_vs_None,C0
Macrophages,247,1.17051098573127,0.194392505870531,0.105153476516959,0.994720168954593,"CEACAM3,NPHS1,CD83,FOLR3,LCP1,GPNMB,HMOX1,TNFSF8,LRRC25,CCL13,CXCL9,TREM2,HAVCR2,MARCO,CD36,ITGAL,ITGB7,KYNU,CST7,LILRB4,ASGR1,ICAM4,CD300LF,ACP5,CD80,IFI30,CXCL10,SLAMF8,FCGR2A,APOBR,FABP4,FOLR2,PRSS2,PLTP,CD300A,LY96,PPBP,RNASE6,CCL7,PRR4,MRC1,CSF2RA,CXCL16,LILRA6,IL18R1,RELT,PILRA,LILRB5,LPL,CD1C,CD5L,LSP1,GIMAP8,SLAMF7,TNFSF13B,SPRR3,ADA2",0.287805130535564,C0_vs_None,C0
Microglial cells,197,-1.04006809461881,-0.241275100796717,0.388946819603754,0.994720168954593,"KIAA1549L,GPIHBP1,FLI1,ROBO4,CD84,TLR2,ITIH5,CLIP2,SCN2A,PAMR1,PLA2G4A,PCDH12,PLB1,DTNB,CYTL1,CLEC1A,ADAMTSL2,FYB1,SNAP25,DIPK2B,DLL4,ASPN,EPHA4,SORBS1,DNM3,OLR1,IPCEF1,SNED1,GASK1A,PDZD2,VWC2L,PEAR1,GHR,GABRA4,VASH1,NEFL,DCDC2C,NRGN,TREML1",0.059221919380382,C0_vs_None,C0
NK-cells,145,-0.661702034498027,-0.15717619469129,0.982010582010582,0.994720168954593,"FLI1,GRAP2,F2R,KLRD1,SEMA4D,CD69,TNFAIP8L2,FYB1,DOK2,FCRL3,FGD3,IPCEF1,SLA2,GIMAP7,GZMH,KLRB1,LAT2,TREML1,HCLS1,SPON2,TNFSF14,MYOM2,PLCB2,ARHGAP30,ICAM2,CD244,CORO1A,GZMA,FGFBP2,BIN2,IKZF2,GNLY,KLRC1,GMFG,IL7R,FCRL6,GHRL,CD3D,CD8A,CD160,CD48,CD40LG,KIR3DL1,GZMB,IL12RB1,ARHGAP25,LAT,IL2RG,CD72,SLAMF6,FCGR3B,LAG3,ADAM8,ZBP1,IL18RAP",0.0127958872528513,C0_vs_None,C0
Oligodendrocyte precursor cells,223,-0.650137822079832,-0.149787333663523,0.988636363636364,0.994720168954593,"BRSK2,KIAA1549L,ADAM23,FAM171B,CLIP2,SCN2A,CA13,WASF3,DTNB,PLXNB3,PRTFDC1,MAP2,SNAP25,SORBS1,DNM3,EXTL1,AFAP1,WASF1,OSTN,GASK1A,PDGFRA,ANGPTL2,PDZD2,VWC2L,GHR,TGFA,SLITRK1,TNR,GPR158,CHRM1,COL28A1,IGDCC3,HIP1,EHD3,IL7,JAM3,GRIK2,STX1B,PCDH7,GAD1,BMPER,HS6ST2,DNAJC6,NCAN,THTPA,CNTNAP4,PCDH9,PDE4D,TUBB3,IKZF2,VCAN,SPINK8,LAMA4,SUSD5,NGF,NRXN3,DIPK1C,PDE5A,SUSD4,CRELD1,KCNIP4,SMOC1,DCUN1D2,MYOM1,FGF2,DNER,FGF12,MANEAL,IGSF21,CNTN4,JAM2,PLXNA4,ANK2,RNF31,CRTAC1,LRP2BP,COL24A1,CADPS,DNM1,PXDNL",0.00978249842757038,C0_vs_None,C0
Oligodendrocytes,168,-0.925261111269417,-0.217821082765969,0.661409043112513,0.994720168954593,"SOWAHA,BRSK2,GPIHBP1,GPR37,RASGRF1,FAM171B,PPP1R14A,CLIP2,SCN2B,DTNB,ADAMTSL2,SEMA4D,PLXNB3,PRTFDC1,ITGA2,SNAP25,DIABLO,DIPK2B,DNM3,LRP11,WASF1,GASK1A,ANGPTL2,PDZD2,TGFA,SLITRK1,GPR158,NRGN,DAPK2,ABCA2,HIP1,JAM3,GRIK2,DNAJC6,PTH,CAPN3,THTPA,CNTNAP4,PCDH9,PDE4D,CEP85,IKZF2,SERPINI1,NRXN3,DIPK1C,PDE5A,HAVCR1,MYH7B,CRELD1,KCNIP4,SMOC1,DCUN1D2,CPXM2,DNER,ANK2,RNF31,LRP2BP,PXDNL,APLP1,SH3GL3,ROR1,SLIT2,PRSS53,CNDP1,ZNF75D,KLK6,HDAC9,CEP170,LRP2,NCAM2,HSD17B3,ADAMTS16",0.035090109926935,C0_vs_None,C0
Pericytes,91,-0.833687189704511,-0.210888118176819,0.771889400921659,0.994720168954593,"LRTM1,CA7,MYL3,TSPAN1,MELTF,PAMR1,SFRP4,IL34,ASPN,HRC,CLEC4M,GFRA2,GH1,OBP2B,GHR,DCDC2C,TSLP,F10,TFAP2A,ISM1,TFF3,RBPMS2,CD248,GLT8D2,CDH15",0.0320704174637537,C0_vs_None,C0
Plasma cells,118,0.834544248064444,0.158433483928595,0.863636363636364,0.994720168954593,"PGLYRP2,FGA,TNFSF8,BGLAP,ITGAL,GAST,ITGB7,LILRB4,ICAM4,CD3E,SIT1,PLG,LY96,BLNK,RNASE6,ORM1,IL16,LSP1,SLAMF7,GKN1,A1BG,C9,TNFRSF17,ADA2,FCRL1,TNFRSF13C,CD38,CCL11,CCL3,CD28,CD70,FCRL5",0.159646701919906,C0_vs_None,C0
Smooth muscle,138,-0.933166987721824,-0.223051992281657,0.594017094017094,0.994720168954593,"CD177,ITIH1,LRTM1,APOB,NGFR,MFAP4,LMOD1,MYL3,ITGB1BP2,VIPR1,IL34,CA9,ASPN,TNFRSF11B,HRC,CORO6,GFRA2,ART5,GH1,OBP2B,GHR,GABRA4,ARTN,DCDC2C,TSLP,F10,TFAP2A,COL28A1,ENPP5,RBPMS2,CD248,PGR,GLT8D2,TYRP1,CDH15,BTC",0.0408229003677776,C0_vs_None,C0
T-cells,156,-0.61586234876531,-0.145793054868605,0.994720168954593,0.994720168954593,"FLI1,GRAP2,CD84,F2R,IL22,KLRD1,SEMA4D,CD69,TNFAIP8L2,FYB1,DOK2,OSM,FCRL3,FGD3,IPCEF1,SLA2,PAEP,GIMAP7,GZMH,KLRB1,LAT2,HCLS1,TNFSF14,PLCB2,ARHGAP30,ICAM2,CD244,CORO1A,GZMA,EDAR,FGFBP2,BIN2,GNLY,KLRC1,GMFG,IL7R,FCRL6,CD3D,CD8A,CD160,CALCB,CD48,CD40LG,KIR3DL1,GZMB",0.0114177828322783,C0_vs_None,C0
dendritic cells,128,1.10938831781321,0.204818514924069,0.218186500194786,0.994720168954593,"IGLON5,CD83,TCL1A,LCP1,TNFSF8,LRRC25,SERPINF2,CD2,ITGAL,ITGB7,LILRB4,CD3E,SIT1,CD300A,PPBP,BLNK,PTGDS,RNASE6,CSF2RA,IL18R1,RELT,IL16,ADA,LSP1,SLAMF7,TNFSF13B,TNFRSF17,CD5,ADA2,FCER1A,IL18BP",0.249246554383295,C0_vs_None,C0
granulocytes,121,0.796437804513205,0.150566487584218,0.931034482758621,0.994720168954593,"CD83,LCP1,TMPRSS11D,KIAA1549,LRRC25,SFTPA2,CSF2,CRNN,KLK12,HAVCR2,CST7,ICAM4,CD300LF,FCGR2A,RAB37,APOBR",0.154190966581424,C0_vs_None,C0
monocytes,193,1.02433230636948,0.177740817872844,0.481792164575244,0.994720168954593,"CEACAM3,CD83,PGLYRP2,LCP1,HMOX1,TNFSF8,LRRC25,CXCL9,IL6,IL15,IL1RAP,MN1,HAVCR2,MARCO,ITGAL,KYNU,CST7,LILRB4,EPGN,ICAM4,CD300LF,CD80,IFI30,CXCL10,FCGR2A,RAB37,APOBR,CD300A,LY96,CSF2RA,CXCL16,LILRA6,RELT,PILRA,IL16,ADA,CD1C,LSP1,SLAMF7,TNFSF13B,ADA2,FCRL1,XCL1,IL18BP,LILRA2,FCN1,ITGAX,CCL3,CD28,NCF2,IL1R2,CD4",0.203508959461977,C0_vs_None,C0
Endothelial,260,,0.186785394879639,,,"FLT1,VWF,ABO,SCGB3A1,CYP24A1,ADAMTS8,DKKL1,WNT9A,CD109,APOF,ADIPOQ,LPO,PCDH12,DIPK2B,BMP6,SNED1,CD300LG,FBLN2,ESM1,IL4R,IL3RA,DMP1,GCNT1,FAM3B,HMCN2,VTCN1,IL1R1,APOA1,PRTG,S100A14,CCL28,PON3,IL32,PI16,C1QTNF9,TNXB,CDH5,TDGF1,MYOC,AHSP,ITGB6,RASGRF1,ADGRF5,NPHS1,ROBO4,TCN2,ICAM5,FCRLB,IL15,BMP4",,C2_vs_None,C2
Excitatory neurons,251,,0.160181473943097,,,"GRIK2,PXDNL,GAS2,ADAMTS16,PNMA2,NCAM2,ADAMTS8,PDE1C,FGF12,RNF31,LRRC37A2,ITGA11,COL24A1,EPHA4,SNED1,PRKCQ,NPTX1,CNTNAP2,DPP6,NCAM1,IGFL4,KCNIP4,GRIN2B,MAMDC2,PDE4D,SCG3,LRRN1,CNTN1,FGF5,RASGRF1,CHL1,COL28A1,CD200,ICAM5,MAPT,ENPP5,CDH4,CHRM1,TNR,ADAMTS13",,C2_vs_None,C2
Inhibitory neurons,257,,0.13765015717382,,,"GRIK2,PXDNL,GAS2,PNMA2,NCAM2,PDE1C,FGF12,RNF31,LRRC37A2,COL24A1,DNER,BMP6,EPHA4,SNED1,PRKCQ,NPTX1,CNTNAP2,HMCN2,DPP6,NCAM1,IGFL4,KCNIP4,GRIN2B,MAMDC2,PDE4D,RGS8,SCG3,LRRN1,CNTN1,RASGRF1,CHL1,COL28A1,CD200,ICAM5,MAPT,ZNF75D,CDH4,CHRM1,TNR,ADAMTS13",,C2_vs_None,C2
